timestamp,action,price,stop_loss,take_profit,balance,position
2021-01-01 09:30:00,BUY,37.6825,36.1752,43.334875,900.1,2.651097989783056
2021-01-07 06:20:00,TAKE-PROFIT,43.524,,,1015.3710025184105,
2021-01-08 09:30:00,BUY,42.7286,41.019456,49.13789,913.9354393668212,2.373950074460413
2021-01-10 20:25:00,STOP-LOSS,40.5271,,,1010.0485421174232,
2021-01-11 23:15:00,BUY,38.0434,36.521663999999994,43.74990999999999,909.1446927598926,2.652335210773238
2021-01-16 13:20:00,TAKE-PROFIT,43.9623,,,1025.6308462402324,
2021-01-16 23:40:00,BUY,43.3578,41.623487999999995,49.86146999999999,923.1703247008331,2.363139309176186
2021-01-17 07:30:00,STOP-LOSS,41.5008,,,1021.1444243712499,
2021-01-17 15:40:00,BUY,43.2304,41.501184,49.71496,919.132096376562,2.3597359264473114
2021-01-20 03:35:00,STOP-LOSS,41.4843,,,1016.9261974769867,
2021-01-20 17:15:00,BUY,41.8275,40.1544,48.101625,915.3352703490357,2.428807055835299
2021-01-21 10:10:00,STOP-LOSS,40.1166,,,1012.6733160040219,
2021-01-21 20:25:00,BUY,40.4763,38.857248,46.547745,911.50725173522,2.4993901188794876
2021-01-21 22:25:00,STOP-LOSS,38.5135,,,1007.6712528173417,
2021-01-22 05:30:00,BUY,39.8549,38.260704,45.833135,907.0048946608892,2.5258213709343758
2021-02-01 07:40:00,TAKE-PROFIT,45.8458,,,1022.6873977670649,
2021-02-02 08:30:00,BUY,50.6254,48.600384,58.21921,920.5209267301351,2.0180871862134384
2021-02-05 09:00:00,TAKE-PROFIT,58.3585,,,1038.1756952457154,
2021-02-06 22:25:00,BUY,72.6181,69.713376,83.510815,934.4619432906684,1.4282080081280972
2021-02-07 02:20:00,STOP-LOSS,68.9884,,,1032.893198853265,
2021-02-08 00:10:00,BUY,69.444,66.66624,79.86059999999999,929.7071682878237,1.485888349827792
2021-02-09 00:30:00,TAKE-PROFIT,79.9308,,,1048.3566445557267,
2021-02-11 05:30:00,BUY,128.9397,123.78211199999998,148.28065499999997,943.6258157646096,0.8122465679004768
2021-02-11 07:40:00,STOP-LOSS,123.2773,,,1043.657248025822,
2021-02-11 14:05:00,BUY,126.8764,121.801344,145.90786,939.3958889480423,0.8217553388792527
2021-02-11 19:50:00,STOP-LOSS,121.7136,,,1039.314670761642,
2021-02-12 02:05:00,BUY,125.4287,120.411552,144.24300499999998,935.487135152554,0.8277813260369281
2021-02-15 02:30:00,STOP-LOSS,118.9912,,,1033.8873297819566,
2021-02-15 10:45:00,BUY,130.0649,124.862304,149.57463499999997,930.6019855367391,0.7941062057881679
2021-02-17 16:20:00,TAKE-PROFIT,150.163,,,1049.728110346328,
2021-02-20 12:00:00,BUY,302.8004,290.688384,348.22046,944.86027212273,0.3463266172158233
2021-02-20 13:40:00,STOP-LOSS,290.5991,,,1045.4018331884238,
2021-02-21 02:35:00,BUY,274.1353,263.16988799999996,315.25559499999997,940.9661900529003,0.3809638639588683
2021-02-21 04:05:00,STOP-LOSS,261.7,,,1040.5647350077381,
2021-02-21 09:15:00,BUY,287.4093,275.91292799999997,330.52069499999993,936.6123179804651,0.3616877290584301
2021-02-22 03:50:00,STOP-LOSS,274.3637,,,1035.7470675859445,
2021-02-22 21:20:00,BUY,266.6819,256.01462399999997,306.68418499999996,932.2759355341086,0.3879945810039447
2021-02-23 01:20:00,STOP-LOSS,255.5195,,,1031.3169766936053,
2021-02-23 16:10:00,BUY,233.1782,223.851072,268.15493,928.2884107219141,0.44184476066669687
2021-02-23 17:10:00,STOP-LOSS,223.2178,,,1026.8173985240433,
2021-02-23 23:25:00,BUY,226.4072,217.350912,260.36827999999997,924.2383404114913,0.4530733038196309
2021-02-24 00:20:00,STOP-LOSS,214.4905,,,1021.3210799649429,
2021-02-25 00:35:00,BUY,263.5634,253.020864,303.09790999999996,919.2911040764451,0.3871173914454655
2021-02-25 01:50:00,STOP-LOSS,253.0157,,,1017.1399350774149,
2021-02-25 04:25:00,BUY,252.7497,242.63971199999997,290.662155,915.5276555631812,0.4020273001876313
2021-02-25 08:50:00,STOP-LOSS,242.1774,,,1012.7922199253528,
2021-02-25 12:50:00,BUY,258.3351,248.001696,297.08536499999997,911.6142771548101,0.3916538742530254
2021-02-25 17:25:00,STOP-LOSS,247.404,,,1008.4141155253999,
2021-02-26 15:15:00,BUY,227.4632,218.36467199999998,261.58268,907.6735453844125,0.4428873336037981
2021-02-26 22:00:00,STOP-LOSS,217.7499,,,1004.0157793153027,
2021-02-27 01:45:00,BUY,229.0865,219.92304,263.449475,903.7146029617039,0.4378310217040233
2021-02-28 03:05:00,STOP-LOSS,217.1894,,,998.7117676100825,
2021-02-28 21:55:00,BUY,208.8647,200.510112,240.194405,898.9404620258352,0.4776839053427757
2021-03-01 10:40:00,TAKE-PROFIT,244.8738,,,1015.7957628528609,
2021-03-02 05:10:00,BUY,252.5958,242.49196799999999,290.48517,914.3177661438601,0.4017406334903463
2021-03-02 16:35:00,STOP-LOSS,239.0214,,,1010.2463501889558,
2021-03-03 01:25:00,BUY,240.9675,231.3288,277.112625,909.3227398050791,0.41882664834003214
2021-03-04 18:10:00,STOP-LOSS,230.1806,,,1005.6321032467658,
2021-03-05 12:10:00,BUY,223.7583,214.807968,257.32204499999995,905.1694561324139,0.448978416060329
2021-03-09 09:20:00,TAKE-PROFIT,260.3654,,,1021.9510025764389,
2021-03-10 07:15:00,BUY,285.9166,274.479936,328.80409,919.8580974190527,0.35707232513742204
2021-03-10 21:00:00,STOP-LOSS,272.1694,,,1016.9450737478205,
2021-03-11 04:05:00,BUY,283.9066,272.550336,326.49259,915.3522608804133,0.3578388556920032
2021-03-12 13:00:00,STOP-LOSS,267.0,,,1010.7996923757083,
2021-03-13 06:00:00,BUY,265.4197,254.80291199999996,305.23265499999997,909.820803107375,0.38044986588536295
2021-03-15 07:15:00,STOP-LOSS,252.0633,,,1005.6223543383173,
2021-03-15 20:20:00,BUY,257.2489,246.95894399999997,295.836235,905.1606811399195,0.39052323721655535
2021-03-16 00:55:00,STOP-LOSS,246.8548,,,1001.4668142227463,
2021-03-16 08:25:00,BUY,254.6573,244.47100799999998,292.855895,901.4202794818939,0.39286733480977126
2021-03-24 22:15:00,STOP-LOSS,243.9639,,,997.1698812175086,
2021-03-25 22:10:00,BUY,239.9122,230.315712,275.89903,897.5526100838795,0.4152238657876886
2021-03-28 03:45:00,TAKE-PROFIT,277.6325,,,1012.7169703622617,
2021-03-29 03:10:00,BUY,268.7389,257.989344,309.049735,911.5465450230718,0.3764636431093152
2021-03-30 19:50:00,TAKE-PROFIT,309.8993,,,1028.0956986786234,
2021-03-31 06:30:00,BUY,309.9448,297.54700799999995,356.43652,925.3889383806289,0.33137113543442087
2021-03-31 08:00:00,STOP-LOSS,294.444,,,1022.8616107398797,
2021-03-31 13:55:00,BUY,307.4923,295.192608,353.61614499999996,920.6777358269657,0.33231360561846257
2021-04-02 01:00:00,TAKE-PROFIT,354.9704,,,1038.5212678452817,
2021-04-02 14:40:00,BUY,351.545,337.4832,404.27675,934.7729931875381,0.295120893933191
2021-04-02 17:50:00,STOP-LOSS,337.292,,,1034.2153678274954,
2021-04-03 04:45:00,BUY,341.803,328.13088,393.07345,930.8972525815286,0.3022738690004675
2021-04-03 18:00:00,STOP-LOSS,324.9537,,,1029.0240397144007,
2021-04-04 04:05:00,BUY,333.1295,319.80432,383.09892499999995,926.2245381469321,0.3085872057787396
2021-04-06 05:35:00,TAKE-PROFIT,384.0526,,,1044.619743134286,
2021-04-07 22:55:00,BUY,384.9599,369.561504,442.70388499999996,940.2622307951708,0.27108670887309344
2021-04-09 13:15:00,TAKE-PROFIT,442.9502,,,1060.2200647959367,
2021-04-10 22:20:00,BUY,480.4999,461.279904,552.574885,954.3040803228225,0.22042873364409457
2021-04-11 00:40:00,STOP-LOSS,461.1219,,,1055.8469522789087,
2021-04-11 06:30:00,BUY,475.0,456.0,546.25,950.3678417462457,0.22206128533192207
2021-04-12 03:20:00,TAKE-PROFIT,547.1706,,,1071.7517430713528,
2021-04-13 13:45:00,BUY,573.8569,550.902624,659.935435,964.6837439385247,0.18657612922808484
2021-04-13 18:45:00,STOP-LOSS,548.1255,,,1066.848610925612,
2021-04-14 00:45:00,BUY,568.0001,545.280096,653.2001149999999,960.2704346941434,0.1876376011755432
2021-04-14 14:05:00,STOP-LOSS,540.1159,,,1061.5151404750802,
2021-04-15 04:40:00,BUY,550.8993,528.863328,633.534195,955.4697779416197,0.19249500323100885
2021-04-16 01:20:00,STOP-LOSS,528.8326,,,1057.1656133542367,
2021-04-16 08:20:00,BUY,541.9463,520.2684479999999,623.2382449999999,951.5547685801484,0.1948732647018501
2021-04-16 09:05:00,STOP-LOSS,514.3723,,,1051.6919405439746,
2021-04-16 21:20:00,BUY,519.2261,498.45705599999997,597.110015,946.6279156836315,0.20234734898793239
2021-04-18 03:10:00,STOP-LOSS,497.4475,,,1047.1844413864203,
2021-04-18 16:35:00,BUY,474.9662,455.967552,546.21113,942.5707156919169,0.22025509540363797
2021-04-20 16:55:00,TAKE-PROFIT,548.3762,,,1063.2325852877534,
2021-04-22 06:40:00,BUY,560.811,538.37856,644.93265,957.0156500175068,0.1893988086365042
2021-04-22 18:20:00,STOP-LOSS,537.3779,,,1058.6926053310458,
2021-04-23 11:10:00,BUY,506.7268,486.45772800000003,582.73582,952.9292140584744,0.20871876378468923
2021-04-24 11:05:00,STOP-LOSS,484.5638,,,1053.965633811975,
2021-04-24 19:00:00,BUY,507.6871,487.37961599999994,583.840165,948.6744669941587,0.20739381957472688
2021-04-25 03:45:00,STOP-LOSS,486.18,,,1049.4043634677985,
2021-04-25 12:15:00,BUY,504.75,484.56,580.4625,944.5688675573654,0.2076978621306252
2021-04-25 21:30:00,STOP-LOSS,484.04,,,1045.0024066698875,
2021-04-26 00:20:00,BUY,512.54,492.03839999999997,589.4209999999999,940.6066662435658,0.2036831084916724
2021-04-29 10:00:00,TAKE-PROFIT,589.8,,,1060.6188313345658,
2021-04-29 22:15:00,BUY,594.87,571.0752,684.1004999999999,954.6630100842427,0.17811592658954584
2021-05-10 06:20:00,TAKE-PROFIT,684.11,,,1076.3920457368777,
2021-05-11 06:30:00,BUY,647.49,621.5903999999999,744.6134999999999,968.8604803677636,0.1660744804848169
2021-05-12 22:35:00,STOP-LOSS,621.35,,,1071.9476684385554,
2021-05-13 07:15:00,BUY,627.33,602.2368,721.4295,964.8600963615437,0.1707037318110272
2021-05-13 09:10:00,STOP-LOSS,594.38,,,1066.2215175912681,
2021-05-14 01:15:00,BUY,590.35,566.736,678.9024999999999,959.7059879839004,0.18042776252624323
2021-05-15 19:10:00,STOP-LOSS,566.53,,,1061.821510547589,
2021-05-16 02:55:00,BUY,580.62,557.3951999999999,667.713,955.7455416438848,0.1826943076430439
2021-05-16 19:00:00,STOP-LOSS,556.18,,,1057.2548507487681,
2021-05-17 10:05:00,BUY,536.94,515.4624,617.481,951.6350911589662,0.19670681936492332
2021-05-17 15:15:00,STOP-LOSS,514.98,,,1052.8338689176778,
2021-05-17 21:30:00,BUY,522.3,501.40799999999996,600.6449999999999,947.6557654128018,0.2013748870474364
2021-05-18 14:00:00,STOP-LOSS,501.34,,,1048.5120939992912,
2021-05-20 06:40:00,BUY,363.19,348.6624,417.66849999999994,943.765735808762,0.2884065040076247
2021-05-20 13:15:00,TAKE-PROFIT,420.32,,,1064.8675345514823,
2021-05-22 10:55:00,BUY,323.0,310.08,371.45,958.4872678497892,0.32935067090307457
2021-05-22 15:10:00,STOP-LOSS,310.02,,,1060.490457548167,
2021-05-23 21:45:00,BUY,252.24,242.1504,290.07599999999996,954.547460839105,0.4200087088053515
2021-05-24 07:05:00,TAKE-PROFIT,290.14,,,1076.286926285117,
2021-05-25 17:05:00,BUY,336.25,322.8,386.68749999999994,968.7658623492339,0.3197652459059724
2021-05-25 19:55:00,STOP-LOSS,322.32,,,1071.7295296755865,
2021-05-25 21:50:00,BUY,334.04,320.6784,384.146,964.6637496609953,0.32051784221827057
2021-05-26 07:40:00,TAKE-PROFIT,384.22,,,1087.689965632762,
2021-05-26 21:05:00,BUY,374.43,359.45279999999997,430.5945,979.0297380660492,0.29020171344901036
2021-05-27 01:15:00,STOP-LOSS,357.21,,,1082.589029173109,
2021-05-27 08:30:00,BUY,366.84,352.16639999999995,421.86599999999993,974.4383851587155,0.2948169338523433
2021-05-28 05:40:00,STOP-LOSS,348.43,,,1077.0587263566254,
2021-05-29 01:00:00,BUY,342.78,329.06879999999995,394.19699999999995,969.4605595935984,0.3138986135802173
2021-05-29 08:40:00,STOP-LOSS,328.84,,,1072.5797572632273,
2021-05-30 04:15:00,BUY,307.7,295.392,353.85499999999996,965.4290395126309,0.34823112691126556
2021-05-31 23:35:00,TAKE-PROFIT,355.56,,,1089.1222819377158,
2021-06-01 11:30:00,BUY,353.61,339.4656,406.6515,980.318965972138,0.30769298369836207
2021-06-02 13:25:00,TAKE-PROFIT,408.64,,,1105.9288911697781,
2021-06-03 04:45:00,BUY,410.89,394.45439999999996,472.52349999999996,995.4465949419173,0.26888533726267577
2021-06-04 05:10:00,STOP-LOSS,390.38,,,1100.30908544456,
2021-06-04 16:15:00,BUY,390.61,374.9856,449.20149999999995,990.3882078086484,0.281408252824842
2021-06-07 20:45:00,STOP-LOSS,374.88,,,1095.777039301806,
2021-06-08 20:00:00,BUY,345.68,331.8528,397.532,986.3089130755557,0.3166747460838071
2021-06-12 02:15:00,STOP-LOSS,330.57,,,1090.8874007176669,
2021-06-12 12:10:00,BUY,341.0,327.36,392.15,981.907749385972,0.3195884203275511
2021-06-20 10:10:00,STOP-LOSS,326.89,,,1086.2735378481243,
2021-06-20 17:55:00,BUY,327.29,314.1984,376.38349999999997,977.7548114170967,0.3315674980324105
2021-06-21 06:40:00,STOP-LOSS,311.18,,,1080.8288082807844,
2021-06-22 17:50:00,BUY,269.49,258.7104,309.9135,972.854010333534,0.4006634678364702
2021-06-22 23:35:00,STOP-LOSS,258.63,,,1076.3739794273938,
2021-06-23 00:55:00,BUY,271.97,261.0912,312.76550000000003,968.8442188825971,0.395373609386317
2021-06-24 17:00:00,TAKE-PROFIT,313.65,,,1092.7291425340313,
2021-06-25 02:25:00,BUY,311.36,298.9056,358.06399999999996,983.5655011948816,0.3506026507552342
2021-06-25 07:05:00,STOP-LOSS,298.46,,,1088.1017274721444,
2021-06-26 05:00:00,BUY,289.97,278.3712,333.4655,979.4003648976772,0.3748710645048357
2021-06-26 07:15:00,STOP-LOSS,277.31,,,1083.2519043006153,
2021-06-26 23:05:00,BUY,275.52,264.4992,316.84799999999996,975.0350390609838,0.39277317523095046
2021-07-06 05:15:00,TAKE-PROFIT,317.76,,,1099.7178356182092,
2021-07-06 12:35:00,BUY,314.1,301.536,361.215,989.85602383995,0.34976699069805506
2021-07-14 01:05:00,STOP-LOSS,301.05,,,1095.0480790370498,
2021-07-14 10:30:00,BUY,304.07,291.9072,349.68049999999994,985.6527759412485,0.35977012890387505
2021-07-19 12:30:00,STOP-LOSS,289.35,,,1089.6481632527864,
2021-07-20 15:40:00,BUY,270.08,259.2768,310.592,980.792311743833,0.40305039806336407
2021-07-26 01:00:00,TAKE-PROFIT,310.99,,,1106.0116103942648,
2021-07-27 09:45:00,BUY,307.95,295.632,354.1425,995.5210505158777,0.35879382977232366
2021-08-07 09:30:00,TAKE-PROFIT,354.54,,,1122.6006081589499,
2021-08-07 21:00:00,BUY,353.67,339.5232,406.72049999999996,1010.4528074038708,0.3170972962226909
2021-08-08 19:05:00,STOP-LOSS,339.52,,,1118.0060205433851,
2021-08-09 07:35:00,BUY,342.08,328.3968,393.39199999999994,1006.3172190911009,0.3264990687917569
2021-08-11 13:20:00,TAKE-PROFIT,393.79,,,1134.7607153223073,
2021-08-12 01:20:00,BUY,400.11,384.1056,460.12649999999996,1021.3981198616088,0.2833285732940904
2021-08-12 05:25:00,STOP-LOSS,384.0,,,1130.0874938343945,
2021-08-12 20:15:00,BUY,385.62,370.1952,443.46299999999997,1017.1917532003386,0.2927642254915617
2021-08-20 14:35:00,TAKE-PROFIT,443.79,,,1146.987662995608,
2021-08-21 13:20:00,BUY,456.83,438.55679999999995,525.3544999999999,1032.4035954623466,0.250824305613163
2021-09-07 14:45:00,STOP-LOSS,423.4,,,1138.4964074479633,
2021-09-08 12:45:00,BUY,411.3,394.848,472.995,1024.7606163439118,0.27652757380027115
2021-09-13 07:25:00,STOP-LOSS,394.3,,,1133.6864038710094,
2021-09-13 13:55:00,BUY,405.1,388.896,465.865,1020.4311321242956,0.279573615765771
2021-09-13 14:15:00,STOP-LOSS,385.8,,,1128.1827735857676,
2021-09-13 20:00:00,BUY,399.5,383.52,459.42499999999995,1015.4773145045493,0.28211629306938224
2021-09-20 07:30:00,STOP-LOSS,381.0,,,1122.8561358563245,
2021-09-21 07:35:00,BUY,365.0,350.4,419.74999999999994,1010.6828078842776,0.30732418622478586
2021-09-21 20:35:00,STOP-LOSS,349.9,,,1118.1080079115702,
2021-09-22 06:40:00,BUY,356.9,342.62399999999997,410.43499999999995,1006.4090179212044,0.31296999156729016
2021-09-24 11:00:00,STOP-LOSS,342.1,,,1113.3689850022593,
2021-09-24 21:00:00,BUY,356.0,341.76,409.4,1002.1434234005335,0.3124313528138362
2021-09-26 02:05:00,STOP-LOSS,340.5,,,1108.4199161580116,
2021-09-26 11:55:00,BUY,342.5,328.8,393.87499999999994,997.6887665338262,0.3233026266399573
2021-10-01 07:00:00,TAKE-PROFIT,394.8,,,1125.2010036542838,
2021-10-02 08:15:00,BUY,418.7,401.952,481.50499999999994,1012.7934233892208,0.2684680684620563
2021-10-12 09:20:00,STOP-LOSS,401.7,,,1120.5292028673277,
2021-10-12 13:35:00,BUY,426.5,409.44,490.47499999999997,1008.5883355008817,0.2624639328638829
2021-10-19 02:45:00,TAKE-PROFIT,491.5,,,1137.4603574804776,
2021-10-19 11:25:00,BUY,490.6,470.976,564.1899999999999,1023.8280677681779,0.23161901694313025
2021-10-21 15:25:00,STOP-LOSS,468.4,,,1132.209924956804,
2021-10-22 03:25:00,BUY,479.1,459.936,550.965,1019.1021534536192,0.2360838478463467
2021-10-27 08:00:00,STOP-LOSS,459.8,,,1127.5449553401297,
2021-10-28 03:35:00,BUY,455.3,437.088,523.595,1014.9032143016508,0.24740114438497463
2021-10-29 16:15:00,TAKE-PROFIT,524.0,,,1144.4117757597198,
2021-10-30 05:40:00,BUY,530.3,509.08799999999997,609.8449999999999,1030.0850393613239,0.2155887920015011
2021-11-05 11:35:00,TAKE-PROFIT,610.8,,,1161.6349918816863,
2021-11-06 16:45:00,BUY,611.6,587.136,703.3399999999999,1045.587656192706,0.1897438451422179
2021-11-10 21:20:00,STOP-LOSS,573.3,,,1154.2590224663195,
2021-11-11 06:30:00,BUY,625.8,600.7679999999999,719.6699999999998,1038.9485461219342,0.18426090818853522
2021-11-16 04:10:00,STOP-LOSS,599.6,,,1149.32090383123,
2021-11-17 11:55:00,BUY,585.4,561.9839999999999,673.2099999999999,1034.5037455384902,0.19613453756873914
2021-11-18 13:20:00,STOP-LOSS,561.0,,,1144.4251896389767,
2021-11-19 05:50:00,BUY,554.4,532.2239999999999,637.56,1030.097113194043,0.2062194741070234
2021-11-25 11:55:00,TAKE-PROFIT,639.3,,,1161.8013868808664,
2021-11-26 21:00:00,BUY,594.7,570.912,683.905,1045.7374283314678,0.19516387850916184
2021-12-04 04:35:00,STOP-LOSS,570.6,,,1156.986576899718,
2021-12-04 14:55:00,BUY,561.1,538.656,645.265,1041.4036178674362,0.2059935110181462
2021-12-06 00:45:00,STOP-LOSS,537.8,,,1152.0761447827697,
2021-12-06 09:00:00,BUY,559.8,537.4079999999999,643.7699999999999,1036.983737918971,0.2055955821075361
2021-12-13 14:20:00,STOP-LOSS,537.4,,,1147.3603166777364,
2021-12-14 08:10:00,BUY,532.1,510.81600000000003,611.915,1032.7390210416304,0.21541307204680674
2021-12-14 18:40:00,STOP-LOSS,510.3,,,1142.5543864164504,
2021-12-14 21:55:00,BUY,525.6,504.576,604.4399999999999,1028.4132032134469,0.21716359056888013
2021-12-15 15:50:00,STOP-LOSS,504.5,,,1137.8626756240049,
2021-12-15 19:35:00,BUY,534.1,512.736,614.215,1024.1901943291668,0.21282995936123963
2021-12-20 09:30:00,STOP-LOSS,512.2,,,1133.0926880088089,
2021-12-20 19:25:00,BUY,517.8,497.08799999999997,595.4699999999999,1019.8967284767289,0.21860942358455007
2022-01-05 19:50:00,STOP-LOSS,493.7,,,1127.7162734279975,
2022-01-06 15:40:00,BUY,470.2,451.392,540.7299999999999,1015.0574177125405,0.23959773652798164
2022-01-07 04:15:00,STOP-LOSS,447.1,,,1122.0744415661995,
2022-01-08 01:15:00,BUY,453.7,435.55199999999996,521.755,1009.9792048537362,0.24706906923619867
2022-01-08 17:55:00,STOP-LOSS,433.6,,,1117.001224126131,
2022-01-09 04:45:00,BUY,436.0,418.56,501.4,1005.4128018359306,0.2559367483720195
2022-01-10 14:15:00,STOP-LOSS,417.0,,,1112.0317002829916,
2022-01-11 01:50:00,BUY,424.5,407.52,488.17499999999995,1000.9397334247207,0.261700746427022
2022-01-12 20:15:00,TAKE-PROFIT,488.2,,,1128.574275525987,
2022-01-13 07:30:00,BUY,483.5,464.15999999999997,556.025,1015.829705400941,0.23318421949337356
2022-01-18 09:10:00,STOP-LOSS,462.4,,,1123.5462641115832,
2022-01-18 21:50:00,BUY,469.7,450.912,540.155,1011.3039923268361,0.23896587563284474
2022-01-20 21:50:00,STOP-LOSS,450.9,,,1118.945955936363,
2022-01-22 14:40:00,BUY,367.5,352.8,422.62499999999994,1007.1632549383203,0.3041706149606603
2022-01-22 17:30:00,STOP-LOSS,352.7,,,1114.3369498590484,
2022-01-23 00:30:00,BUY,364.7,350.11199999999997,419.405,1003.0146885681295,0.3052433816586755
2022-01-24 10:05:00,STOP-LOSS,346.7,,,1108.7367411087712,
2022-01-24 18:15:00,BUY,363.5,348.96,418.025,997.9739406720049,0.3047119681891781
2022-02-05 04:50:00,TAKE-PROFIT,418.8,,,1125.4596995773552,
2022-02-06 01:25:00,BUY,420.2,403.392,483.22999999999996,1013.0262755895774,0.26757121367867154
2022-02-11 19:05:00,STOP-LOSS,403.2,,,1120.8031042314624,
2022-02-12 10:20:00,BUY,402.2,386.11199999999997,462.53,1008.8348741187393,0.2783894333981181
2022-02-20 04:55:00,STOP-LOSS,385.3,,,1115.9910593583459,
2022-02-20 18:35:00,BUY,383.4,368.06399999999996,440.90999999999997,1004.5035525284471,0.2907864027905549
2022-02-21 12:15:00,STOP-LOSS,367.9,,,1111.3768897975056,
2022-02-22 09:55:00,BUY,361.2,346.75199999999995,415.37999999999994,1000.3503385067347,0.3073824786566191
2022-02-24 03:30:00,STOP-LOSS,344.0,,,1105.9841715919538,
2022-02-24 15:55:00,BUY,345.1,331.296,396.865,995.4963528499176,0.32016174657211294
2022-02-28 22:40:00,TAKE-PROFIT,396.9,,,1122.4414778671746,
2022-03-01 19:20:00,BUY,408.8,392.448,470.12,1010.3095742282438,0.2742952633046251
2022-03-04 01:05:00,STOP-LOSS,390.8,,,1117.396968538792,
2022-03-04 10:20:00,BUY,397.2,381.31199999999995,456.78,1005.7690113817666,0.28103715296330645
2022-03-04 19:45:00,STOP-LOSS,381.1,,,1112.7651671170884,
2022-03-05 08:15:00,BUY,377.2,362.11199999999997,433.78,1001.5999269220913,0.2947116654162172
2022-03-13 23:00:00,STOP-LOSS,361.8,,,1108.1199807891312,
2022-03-14 05:30:00,BUY,367.9,353.18399999999997,423.0849999999999,997.418794708297,0.30090020679759233
2022-03-27 20:50:00,TAKE-PROFIT,423.1,,,1124.6023613268624,
2022-03-29 06:20:00,BUY,436.3,418.848,501.74499999999995,1012.2545854303088,0.2575012053553829
2022-04-01 02:25:00,STOP-LOSS,417.8,,,1119.7310050241904,
2022-04-01 08:25:00,BUY,429.7,412.512,494.155,1007.8698776222737,0.26032377798910084
2022-04-11 02:50:00,STOP-LOSS,412.0,,,1115.0160207572517,
2022-04-12 04:50:00,BUY,401.7,385.63199999999995,461.9549999999999,1003.6259202836022,0.27729674003895805
2022-04-25 07:00:00,STOP-LOSS,382.7,,,1109.6412612340985,
2022-04-25 13:00:00,BUY,392.3,376.608,451.145,998.7880992368121,0.28257242415826267
2022-05-05 17:55:00,STOP-LOSS,376.6,,,1105.0984573998758,
2022-05-06 09:35:00,BUY,380.8,365.568,437.91999999999996,994.6991215056282,0.2899142224113645
2022-05-07 21:55:00,STOP-LOSS,364.0,,,1100.1223696864072,
2022-05-08 20:00:00,BUY,359.0,344.64,412.84999999999997,990.2201449547351,0.30613433072889157
2022-05-09 06:10:00,STOP-LOSS,344.6,,,1095.608541433542,
2022-05-10 05:05:00,BUY,318.0,305.28,365.7,986.1572481443312,0.3441864568843109
2022-05-11 06:50:00,STOP-LOSS,304.2,,,1090.7540668083543,
2022-05-12 11:00:00,BUY,272.7,261.792,313.60499999999996,981.7877355341997,0.39958317298919915
2022-05-20 11:55:00,TAKE-PROFIT,315.5,,,1107.730158121214,
2022-05-20 23:15:00,BUY,304.3,292.128,349.945,997.0679153249046,0.3636616588771254
2022-05-27 06:00:00,STOP-LOSS,292.1,,,1103.187260312355,
2022-05-27 12:25:00,BUY,305.0,292.8,350.75,992.9788530071507,0.361339040344932
2022-06-06 20:05:00,STOP-LOSS,290.1,,,1097.6984841556114,
2022-06-07 17:00:00,BUY,284.2,272.832,326.83,988.0384055884658,0.3858553081180351
2022-06-11 14:50:00,STOP-LOSS,271.7,,,1092.7704559169204,
2022-06-12 15:05:00,BUY,264.5,253.92,304.17499999999995,983.60268737082,0.41273258429527543
2022-06-13 00:40:00,STOP-LOSS,250.4,,,1086.8475782392495,
2022-06-13 20:30:00,BUY,229.9,220.704,264.385,978.2715051731485,0.47227521994824284
2022-06-13 22:55:00,STOP-LOSS,220.0,,,1082.0681530133734,
2022-06-14 05:45:00,BUY,228.3,219.168,262.545,973.9695445273373,0.4734936858783881
2022-06-14 11:40:00,STOP-LOSS,218.5,,,1077.3244565214006,
2022-06-14 14:55:00,BUY,225.4,216.384,259.21,969.6997433149127,0.47748319967385944
2022-06-14 21:30:00,STOP-LOSS,216.1,,,1072.7806786449842,
2022-06-15 01:40:00,BUY,224.3,215.328,257.945,965.6098888483502,0.4778011136720193
2022-06-15 04:05:00,STOP-LOSS,214.4,,,1067.94800706086,
2022-06-15 13:25:00,BUY,214.6,206.016,246.78999999999996,961.26000115548,0.4971482101835038
2022-06-15 17:05:00,STOP-LOSS,205.8,,,1063.4707897095893,
2022-06-15 18:55:00,BUY,219.3,210.528,252.195,957.2300578176014,0.4844538617965708
2022-06-16 22:50:00,STOP-LOSS,210.5,,,1059.1056181878714,
2022-06-17 04:50:00,BUY,215.5,206.88,247.825,953.3009669309031,0.49097285966110604
2022-06-18 06:50:00,STOP-LOSS,203.8,,,1053.2611754610375,
2022-06-19 00:35:00,BUY,198.8,190.848,228.62,948.0403840324799,0.5292796349525033
2022-06-19 05:35:00,STOP-LOSS,190.0,,,1048.5029515428146,
2022-06-19 09:15:00,BUY,199.2,191.23199999999997,229.07999999999996,943.7575066836873,0.5258305464815622
2022-06-23 19:35:00,TAKE-PROFIT,229.2,,,1064.1573475760079,
2022-06-25 05:35:00,BUY,240.2,230.59199999999998,276.22999999999996,957.8480285531647,0.4425866737004296
2022-06-25 15:50:00,STOP-LOSS,230.3,,,1059.6738117954205,
2022-06-25 20:55:00,BUY,236.4,226.944,271.86,953.812397997058,0.44780631894400386
2022-06-28 23:30:00,STOP-LOSS,226.8,,,1055.2733086604217,
2022-06-29 20:15:00,BUY,222.0,213.12,255.29999999999998,949.8515051252455,0.4748729888971898
2022-06-30 06:35:00,STOP-LOSS,212.8,,,1050.8034241905302,
2022-06-30 16:25:00,BUY,214.6,206.016,246.78999999999996,945.8281621138963,0.4891671112611089
2022-07-08 01:25:00,TAKE-PROFIT,247.5,,,1066.7759532909836,
2022-07-08 15:30:00,BUY,242.5,232.79999999999998,278.875,960.2050355572143,0.4394677019949248
2022-07-10 14:50:00,STOP-LOSS,232.3,,,1062.1912943834618,
2022-07-11 11:00:00,BUY,232.9,223.584,267.835,956.0783840745539,0.4556157591623351
2022-07-12 07:10:00,STOP-LOSS,223.4,,,1057.7611601108226,
2022-07-12 13:35:00,BUY,226.9,217.82399999999998,260.935,952.0908202157515,0.46571326529339435
2022-07-13 13:15:00,STOP-LOSS,216.8,,,1052.9564894954437,
2022-07-13 17:40:00,BUY,226.3,217.248,260.245,947.766136194849,0.4648270141431499
2022-07-18 06:35:00,TAKE-PROFIT,260.7,,,1068.825358379381,
2022-07-18 23:20:00,BUY,263.3,252.768,302.795,962.0497050772808,0.4055284971595145
2022-07-21 02:55:00,STOP-LOSS,252.2,,,1064.2217177739267,
2022-07-21 12:15:00,BUY,259.2,248.832,298.08,957.9059681683113,0.41016878705870097
2022-07-25 23:45:00,STOP-LOSS,245.7,,,1058.5836606776538,
2022-07-26 20:15:00,BUY,244.3,234.528,280.945,952.8311529759562,0.432879687686032
2022-07-29 06:35:00,TAKE-PROFIT,281.7,,,1074.6514187890903,
2022-07-30 13:35:00,BUY,295.4,283.58399999999995,339.7099999999999,967.2937420520601,0.363431539394144
2022-07-31 22:30:00,STOP-LOSS,283.5,,,1070.2235506288816,
2022-08-01 14:50:00,BUY,288.5,276.96,331.775,963.3082179210563,0.37059040799939436
2022-08-02 02:30:00,STOP-LOSS,275.6,,,1065.3407996492447,
2022-08-02 11:30:00,BUY,281.0,269.76,323.15,958.9132537642852,0.37874571489309444
2022-08-07 14:40:00,TAKE-PROFIT,323.5,,,1081.3149682934334,
2022-08-08 21:00:00,BUY,328.1,314.976,377.315,973.2916029609194,0.3292391506629503
2022-08-09 14:00:00,STOP-LOSS,314.6,,,1076.766661122685,
2022-08-09 19:25:00,BUY,319.9,307.104,367.88499999999993,969.1976716765288,0.33625817269820646
2022-08-17 13:40:00,STOP-LOSS,307.0,,,1072.3256994358599,
2022-08-18 07:40:00,BUY,307.4,295.104,353.50999999999993,965.2003620622174,0.34848841045426937
2022-08-19 00:20:00,STOP-LOSS,294.2,,,1067.6231271275078,
2022-08-19 17:40:00,BUY,285.2,273.792,327.97999999999996,960.9675767274698,0.3739675680225738
2022-08-27 21:50:00,STOP-LOSS,273.6,,,1063.182785811835,
2022-08-28 06:15:00,BUY,278.8,267.648,320.62,956.9708255092327,0.3809611201671532
2022-09-06 17:45:00,STOP-LOSS,267.1,,,1058.6237859906826,
2022-09-07 13:20:00,BUY,266.7,256.032,306.705,952.8672697702134,0.3965373686556775
2022-10-29 16:10:00,TAKE-PROFIT,307.1,,,1074.5221190584577,
2022-10-30 00:05:00,BUY,304.6,292.416,350.29,967.1773593645178,0.3524122117332237
2022-11-04 08:35:00,TAKE-PROFIT,350.7,,,1090.6447310567044,
2022-11-05 11:20:00,BUY,357.3,343.008,410.895,981.6893224241396,0.30494097014431787
2022-11-06 23:35:00,STOP-LOSS,342.5,,,1086.027162416294,
2022-11-07 16:40:00,BUY,335.9,322.46399999999994,386.28499999999997,977.5330488909062,0.3229952769436969
2022-11-08 04:15:00,STOP-LOSS,319.4,,,1080.5945756552671,
2022-11-08 16:10:00,BUY,365.8,351.168,420.66999999999996,972.643177547306,0.29511043769262213
2022-11-08 17:50:00,STOP-LOSS,350.0,,,1075.8285420865313,
2022-11-10 04:10:00,BUY,281.9,270.62399999999997,324.18499999999995,968.3532707320869,0.38125317968940936
2022-11-14 01:40:00,STOP-LOSS,269.9,,,1071.1506036970604,
2022-11-14 07:30:00,BUY,280.6,269.37600000000003,322.69,964.142658387724,0.3813540460061879
2022-11-17 04:00:00,STOP-LOSS,266.3,,,1065.5956862567205,
2022-11-17 17:10:00,BUY,269.1,258.336,309.465,959.142677199674,0.3955890340284146
2022-11-21 02:05:00,STOP-LOSS,256.5,,,1060.5097958407341,
2022-11-21 14:10:00,BUY,261.4,250.94399999999996,300.60999999999996,954.5648672362447,0.40529812013959204
2022-11-21 19:30:00,STOP-LOSS,250.5,,,1055.9905191521175,
2022-11-22 02:15:00,BUY,256.9,246.62399999999997,295.43499999999995,950.497066288821,0.4106401434927854
2022-11-23 09:00:00,TAKE-PROFIT,295.5,,,1071.719884528537,
2022-11-24 12:25:00,BUY,299.1,287.136,343.965,964.6550680641361,0.3579565913219688
2022-12-02 04:00:00,STOP-LOSS,287.0,,,1067.2858762318317,
2022-12-02 10:15:00,BUY,290.6,278.976,334.19,960.6640171962717,0.36690247431369577
2022-12-12 12:20:00,STOP-LOSS,277.8,,,1062.487599053252,
2022-12-13 13:45:00,BUY,273.6,262.656,314.64,956.3450879078322,0.3879477746543124
2022-12-15 01:40:00,STOP-LOSS,262.5,,,1058.0795424637424,
2022-12-16 02:50:00,BUY,262.5,252.0,301.875,952.3773961716146,0.40267484301763
2022-12-16 09:55:00,STOP-LOSS,252.0,,,1053.749982551617,
2022-12-17 08:45:00,BUY,235.3,225.888,270.59499999999997,948.4803592947104,0.44738471422399717
2023-01-08 20:40:00,TAKE-PROFIT,270.7,,,1069.466294393006,
2023-01-10 08:25:00,BUY,275.5,264.48,316.825,962.6266115831446,0.3878028414151045
2023-01-24 02:25:00,TAKE-PROFIT,317.8,,,1085.747110841863,
2023-01-25 13:00:00,BUY,303.9,291.74399999999997,349.48499999999996,977.280974468761,0.35691390711780896
2023-02-13 09:15:00,STOP-LOSS,289.9,,,1080.6468468005403,
2023-02-13 23:35:00,BUY,293.0,281.28,336.95,972.6902268051663,0.3684526279705596
2023-03-09 19:30:00,STOP-LOSS,281.2,,,1076.1954969115022,
2023-03-10 15:25:00,BUY,272.5,261.59999999999997,313.375,968.6835667700432,0.39453919317966635
2023-03-14 12:50:00,TAKE-PROFIT,314.7,,,1092.7208893795905,
2023-03-15 04:40:00,BUY,310.6,298.176,357.19,983.5580725305695,0.35145787781397647
2023-06-05 15:00:00,STOP-LOSS,288.6,,,1084.887385324146,
2023-06-06 09:50:00,BUY,279.3,268.128,321.195,976.5071355302638,0.3880424267593347
2023-06-07 14:00:00,STOP-LOSS,268.0,,,1080.398510531394,
2023-06-08 08:00:00,BUY,261.4,250.94399999999996,300.60999999999996,972.4666993293079,0.4128990482099705
2023-06-10 03:50:00,STOP-LOSS,250.7,,,1075.8769769241612,
2023-06-10 22:05:00,BUY,238.6,229.05599999999998,274.39,968.3968669294375,0.45046148363253863
2023-06-12 02:20:00,STOP-LOSS,227.0,,,1070.549368957239,
2023-06-12 09:55:00,BUY,235.0,225.6,270.25,963.6014869984108,0.4550973700375668
2023-08-17 15:50:00,STOP-LOSS,225.5,,,1066.1233194849387,
2023-08-18 11:40:00,BUY,219.1,210.33599999999998,251.96499999999997,959.6175998683934,0.48610552084228836
2023-08-21 10:50:00,STOP-LOSS,208.8,,,1061.0149337875114,
2023-08-21 21:30:00,BUY,211.6,203.136,243.33999999999997,955.0195419021389,0.5009234021047845
2023-10-09 16:40:00,STOP-LOSS,203.0,,,1056.605305078783,
2023-10-10 03:10:00,BUY,207.1,198.81599999999997,238.16499999999996,951.0504351014125,0.509680685549833
2023-11-04 23:05:00,TAKE-PROFIT,238.3,,,1072.3858855605713,
2023-11-05 18:30:00,BUY,242.4,232.704,278.76,965.2545355930702,0.44196101471741367
2023-11-21 22:25:00,STOP-LOSS,231.7,,,1067.5545003359848,
2023-11-22 09:30:00,BUY,237.4,227.904,273.01,960.90580575242,0.4492362872096246
2023-11-27 10:30:00,STOP-LOSS,227.7,,,1063.094617247454,
2023-11-27 23:35:00,BUY,227.5,218.4,261.625,956.8914649844332,0.4668270429143765
2023-12-21 08:15:00,TAKE-PROFIT,262.3,,,1079.2177496075178,
2023-12-22 15:55:00,BUY,271.6,260.736,312.34,971.4038964217268,0.3969582223335457
2023-12-27 12:00:00,TAKE-PROFIT,313.4,,,1095.6861965941807,
2023-12-30 01:10:00,BUY,315.9,303.26399999999995,363.28499999999997,986.2271455544221,0.3464990536238008
2024-01-03 12:05:00,STOP-LOSS,297.3,,,1089.1383000281357,
2024-01-03 18:05:00,BUY,317.8,305.088,365.46999999999997,980.333383855325,0.3423691509528344
2024-01-06 00:20:00,STOP-LOSS,304.7,,,1084.5489442703583,
2024-01-06 15:05:00,BUY,307.3,295.008,353.395,976.2025047377496,0.3525754621952776
2024-01-08 02:15:00,STOP-LOSS,294.7,,,1080.002589457989,
2024-01-08 09:25:00,BUY,299.7,287.712,344.655,972.1103307711359,0.36000086315266305
2024-01-25 02:50:00,STOP-LOSS,287.6,,,1075.543042765599,
2024-01-25 09:00:00,BUY,291.6,279.93600000000004,335.34,968.0962927933157,0.3684730794659922
2024-02-15 00:30:00,TAKE-PROFIT,335.4,,,1091.5585777753565,
2024-02-15 23:30:00,BUY,354.1,339.93600000000004,407.215,982.5118758555984,0.3079545380394186
2024-02-28 09:05:00,TAKE-PROFIT,408.1,,,1108.0624465825113,
2024-02-28 22:50:00,BUY,411.6,395.136,473.34,997.3670081689183,0.2689393547463384
2024-02-29 22:35:00,STOP-LOSS,393.0,,,1102.9544814178141,
2024-03-01 03:10:00,BUY,405.7,389.472,466.55499999999995,992.7693287241744,0.2715926859591808
